Player,Games Played,Win Rate,Kills/game,Deaths/game,Assists/game,CSM,GPM,EXPM,DPM,VSM,Objectives Stolen
Kinettech,1,1.0,21.0,6.0,11.0,6.9,573.71,528.65,1286.68,1.03,0
Reignover Fan,2,0.0,6.0,8.5,15.5,5.685,379.515,449.935,800.08,0.6699999999999999,0
SantaInt,1,1.0,8.0,5.0,12.0,5.54,385.1,451.25,829.2,0.71,0
Krampus Dirwi,2,0.5,10.5,4.0,8.0,6.32,421.81,529.895,1135.545,0.33999999999999997,0
bozoBo,2,0.5,4.0,9.0,10.5,4.92,353.18,448.265,619.34,0.5900000000000001,0
