Player,Games Played,Win Rate,Kills/game,Deaths/game,Assists/game,CSM,GPM,EXPM,DPM,VSM,Objectives Stolen
fakerbabbe,2,1.0,6.0,9.0,14.5,3.96,369.17,441.585,464.535,0.86,0
Drëämy,4,0.25,8.75,7.75,11.0,4.595,381.9675,443.64,745.2575,0.6924999999999999,0
TheRoonster,2,0.5,13.5,9.0,9.0,4.75,444.4,484.53999999999996,865.845,0.65,0
