Player,Games Played,Win Rate,Kills/game,Deaths/game,Assists/game,CSM,GPM,EXPM,DPM,VSM,Objectives Stolen
Sxrious,4,0.75,6.25,7.5,9.5,5.7625,392.46,478.97249999999997,843.9325,0.6075,0
TheRoonster,2,0.0,11.0,9.0,6.5,6.85,457.63,484.02,1026.935,0.53,0
fakerbabbe,2,0.5,5.0,5.0,15.5,5.5600000000000005,368.21500000000003,537.075,783.21,0.54,0
