Player,Games Played,Win Rate,Kills/game,Deaths/game,Assists/game,CSM,GPM,EXPM,DPM,VSM,Objectives Stolen
Krampus Dirwi,1,1.0,11.0,3,8.0,7.13,507.38,544.41,833.69,0.7,0
bozoBo,2,0.0,6.0,9,10.0,5.095,351.86,476.31,756.0550000000001,0.5700000000000001,0
Kinettech,3,0.6666666666666666,16.666666666666668,9,4.666666666666667,6.62,563.9366666666667,551.8100000000001,1362.6833333333334,0.6966666666666667,0
SantaInt,2,0.5,3.5,10,11.0,5.220000000000001,347.44,449.03999999999996,670.71,0.635,0
